identifier;name;name_vi;lat;lon
AF;Afghanistan;Afghanistan;33;65
AX;Aland Islands;Quần đảo Aland;60.12;19.9
AL;Albania;Albania;41;20
DZ;Algeria;Algeria;28;3
AS;American Samoa;American Samoa;-14.33;-170
AD;Andorra;Andorra;42.5;1.5
AO;Angola;Angola;-12.5;18.5
AI;Anguilla;Anguilla;18.25;-63.17
AQ;Antarctica;Antarctica;-90;0
AG;Antigua and Barbuda;Antigua and Barbuda;17.05;-61.8
AR;Argentina;Argentina;-34;-64
AM;Armenia;Armenia;40;45
AW;Aruba;Aruba;12.5;-69.97
AU;Australia;Úc;-27;133
AT;Austria;Áo;47.33;13.33
AZ;Azerbaijan;Azerbaijan;40.5;47.5
BS;Bahamas;Bahamas;24.25;-76
BH;Bahrain;Bahrain;26;50.55
BD;Bangladesh;Bangladesh;24;90
BB;Barbados;Barbados;13.17;-59.53
BY;Belarus;Belarus;53;28
BE;Belgium;Bỉ;50.83;4
BZ;Belize;Belize;17.25;-88.75
BJ;Benin;Benin;9.5;2.25
BM;Bermuda;Bermuda;32.33;-64.75
BT;Bhutan;Bhutan;27.5;90.5
BO;Bolivia;Bolivia;-17;-65
BA;Bosnia and Herzegovina;Bosnia and Herzegovina;44;18
BW;Botswana;Botswana;-22;24
BV;Bouvet Island;Đảo Bouvet;-54.43;3.4
BR;Brazil;Brazil;-10;-55
IO;British Indian Ocean Territory;British Indian Ocean Territory;-6;71.5
VG;British Virgin Islands;Quần đảo British Virgin;18.5;-64.5
BN;Brunei;Brunei;4.5;114.67
BG;Bulgaria;Bulgaria;43;25
BF;Burkina Faso;Burkina Faso;13;-2
BI;Burundi;Burundi;-3.5;30
KH;Cambodia;Campuchia;13;105
CM;Cameroon;Cameroon;6;12
CA;Canada;Canada;60;-95
CV;Cape Verde;Cape Verde;16;-24
KY;Cayman Islands;Quần đảo Cayman;19.5;-80.5
CF;Central African Republic;Trung Phi;7;21
TD;Chad;Chad;15;19
CL;Chile;Chile;-30;-71
CN;China;Trung Hoa;35;105
CX;Christmas Island;Đảo Christmas;-10.5;105.67
CC;Cocos (Keeling) Islands;Quần đảo Cocos (Keeling);-12.5;96.83
CO;Colombia;Colombia;4;-72
KM;Comoros;Comoros;-12.17;44.25
CK;Cook Islands;Quần đảo Cook;-21.23;-159.77
CR;Costa Rica;Costa Rica;10;-84
HR;Croatia;Croatia;45.17;15.5
CU;Cuba;Cuba;21.5;-80
CY;Cyprus;Cyprus;35;33
CZ;Czech Republic;Séc;49.75;15.5
CD;Democratic Republic of the Congo;Congo;0;25
DK;Denmark;Đan Mạch;56;10
DJ;Djibouti;Djibouti;11.5;43
DM;Dominica;Dominica;15.42;-61.33
DO;Dominican Republic;Dominican;19;-70.67
TL;East Timor;Đông Timor;-8.57;125.57
EC;Ecuador;Ecuador;-2;-77.5
EG;Egypt;Ai Cập;27;30
SV;El Salvador;El Salvador;13.83;-88.92
GQ;Equatorial Guinea;Equatorial Guinea;2;10
ER;Eritrea;Eritrea;15;39
EE;Estonia;Estonia;59;26
ET;Ethiopia;Ethiopia;8;38
FK;Falkland Islands (Malvinas);Quần đảo Falkland (Malvinas);-51.75;-59
FO;Faroe Islands;Quần đảo Faroe;62;-7
FJ;Fiji;Fiji;-18;175
FI;Finland;Phần Lan;64;26
FR;France;Pháp;46;2
GF;French Guiana;Guiana thuộc Pháp;4;-53
PF;French Polynesia;Polynesia thuộc Pháp;-15;-140
TF;French Southern Territories;Lãnh thổ phía nam của Pháp;-43;67
GA;Gabon;Gabon;-1;11.75
GM;Gambia;Gambia;13.47;-16.57
GE;Georgia;Georgia;42;43.5
DE;Germany;Đức;51;9
GH;Ghana;Ghana;8;-2
GI;Gibraltar;Gibraltar;36.18;-5.37
GR;Greece;Hy Lạp;39;22
GL;Greenland;Greenland;72;-40
GD;Grenada;Grenada;12.12;-61.67
GP;Guadeloupe;Guadeloupe;16.25;-61.58
GU;Guam;Guam;13.47;144.78
GT;Guatemala;Guatemala;15.5;-90.25
GG;Guernsey;Guernsey;49.45;-2.55
GN;Guinea;Guinea;11;-10
GW;Guinea-Bissau;Guinea-Bissau;12;-15
GY;Guyana;Guyana;5;-59
HT;Haiti;Haiti;19;-72.42
HM;Heard Island and McDonald Islands;Đảo Heard và quần đảo McDonald;-53.1;72.52
VA;Holy See (Vatican City State);Holy See (Vatican City State);41.9;12.45
HN;Honduras;Honduras;15;-86.5
HK;Hong Kong;Hồng Kông;22.25;114.17
HU;Hungary;Hungary;47;20
IS;Iceland;Iceland;65;-18
IN;India;Ấn Độ;20;77
ID;Indonesia;Indonesia;-5;120
ITL;International;International;0;0
IR;Iran;Iran;32;53
IQ;Iraq;Iraq;33;44
IE;Ireland;Ireland;53;-8
IM;Isle of Man;Isle of Man;54.15;-4.48
IL;Israel;Israel;31.5;34.75
IT;Italy;Ý;42.83;12.83
CI;Ivory Coast;Bờ Biển Ngà;8;-5
JM;Jamaica;Jamaica;18.25;-77.5
JP;Japan;Nhật;36;138
JE;Jersey;Jersey;49.19;-2.11
JO;Jordan;Jordan;31;36
KZ;Kazakhstan;Kazakhstan;48;68
KE;Kenya;Kenya;1;38
KI;Kiribati;Kiribati;1.42;173
RKS;Kosovo;Kosovo;42.67;21.17
KW;Kuwait;Kuwait;29.34;47.66
KG;Kyrgyzstan;Kyrgyzstan;41;75
LA;Laos;Lào;18;105
LV;Latvia;Latvia;57;25
LB;Lebanon;Lebanon;33.83;35.83
LS;Lesotho;Lesotho;-29.5;28.5
LR;Liberia;Liberia;6.5;-9.5
LY;Libya;Libya;25;17
LI;Liechtenstein;Liechtenstein;47.17;9.53
LT;Lithuania;Lithuania;56;24
LU;Luxembourg;Luxembourg;49.75;6.17
MO;Macao;Macao;22.17;113.55
MG;Madagascar;Madagascar;-20;47
MW;Malawi;Malawi;-13.5;34
MY;Malaysia;Malaysia;2.5;112.5
MV;Maldives;Maldives;3.25;73
ML;Mali;Mali;17;-4
MT;Malta;Malta;35.83;14.58
MH;Marshall Islands;Quần đảo Marshall;9;168
MQ;Martinique;Martinique;14.67;-61
MR;Mauritania;Mauritania;20;-12
MU;Mauritius;Mauritius;-20.28;57.55
YT;Mayotte;Mayotte;-12.83;45.17
MX;Mexico;Mexico;23;-102
FM;Micronesia;Micronesia;6.92;158.25
MD;Moldova;Moldova;47;29
MC;Monaco;Monaco;43.73;7.4
MN;Mongolia;Mongolia;46;105
ME;Montenegro;Montenegro;42;19
MS;Montserrat;Montserrat;16.75;-62.2
MA;Morocco;Morocco;32;-5
MZ;Mozambique;Mozambique;-18.25;35
MM;Myanmar;Myanmar;22;98
NA;Namibia;Namibia;-22;17
NR;Nauru;Nauru;-0.53;166.92
NP;Nepal;Nepal;28;84
NL;Netherlands;Hà Lan;52.5;5.75
AN;Netherlands Antilles;Antille thuộc Hà Lan;12.25;-68.75
NC;New Caledonia;New Caledonia;-21.5;165.5
NZ;New Zealand;New Zealand;-41;174
NI;Nicaragua;Nicaragua;13;-85
NE;Niger;Niger;16;8
NG;Nigeria;Nigeria;10;8
NU;Niue;Niue;-19.03;-169.87
NF;Norfolk Island;Đảo Norfolk;-29.03;167.95
KP;North Korea;Triều Tiên;40;127
MP;Northern Mariana Islands;Quần đảo Northern Mariana;15.2;145.75
NO;Norway;Na Uy;62;10
OM;Oman;Oman;21;57
PK;Pakistan;Pakistan;30;70
PW;Palau;Palau;7.5;134.5
PS;Palestinian Territory;Palestinian Territory;32;35.25
PA;Panama;Panama;9;-80
PG;Papua New Guinea;Papua New Guinea;-6;147
PY;Paraguay;Paraguay;-23;-58
PE;Peru;Peru;-10;-76
PH;Philippines;Philippines;13;122
PN;Pitcairn;Pitcairn;-25.07;-130.1
PL;Poland;Ba Lan;52;20
PT;Portugal;Bồ Đào Nha;39.5;-8
PR;Puerto Rico;Puerto Rico;18.25;-66.5
QA;Qatar;Qatar;25.5;51.25
MK;Macedonia;Macedonia;41.83;22
CG;Congo;Congo;-1;15
RE;Reunion;Reunion;-21.1;55.6
RO;Romania;Romania;46;25
RU;Russian;Nga;60;100
RW;Rwanda;Rwanda;-2;30
BL;Saint Barthélemy;Saint Barthélemy;17.9;-62.85
SH;Saint Helena, Ascension and Tristan da Cunha;Saint Helena, Ascension and Tristan da Cunha;-15.93;-5.7
KN;Saint Kitts and Nevis;Saint Kitts and Nevis;17.33;-62.75
LC;Saint Lucia;Saint Lucia;13.88;-61.13
MF;Saint Martin (French part);Saint Martin (French part);18.07;-63.08
PM;Saint Pierre and Miquelon;Saint Pierre and Miquelon;46.83;-56.33
VC;Saint Vincent and the Grenadines;Saint Vincent and the Grenadines;13.25;-61.2
WS;Samoa;Samoa;-13.58;-172.33
SM;San Marino;San Marino;43.77;12.42
ST;Sao Tome and Principe;Sao Tome and Principe;1;7
SA;Saudi Arabia;Saudi Arabia;25;45
SN;Senegal;Senegal;14;-14
RS;Serbia;Serbia;44;21
SC;Seychelles;Seychelles;-4.58;55.67
SL;Sierra Leone;Sierra Leone;8.5;-11.5
SG;Singapore;Singapore;1.37;103.8
SK;Slovakia;Slovakia;48.67;19.5
SI;Slovenia;Slovenia;46;15
SB;Solomon Islands;Quần đảo Solomon;-8;159
SO;Somalia;Somalia;10;49
ZA;South Africa;Nam Phi;-29;24
GS;South Georgia and the South Sandwich Islands;Quần đảo nam Georgia và nam Sandwich;-54.5;-37
KR;South Korea;Hàn Quốc;37;127.5
ES;Spain;Tây Ban Nha;40;-4
LK;Sri Lanka;Sri Lanka;7;81
SD;Sudan;Sudan;15;30
SR;Suriname;Suriname;4;-56
SJ;Svalbard and Jan Mayen;Svalbard and Jan Mayen;78;20
SZ;Swaziland;Swaziland;-26.5;31.5
SE;Sweden;Thụy Điển;62;15
CH;Switzerland;Thụy Sĩ;47;8
SY;Syria;Syria;35;38
TW;Taiwan;Đài Loan;23.5;121
TJ;Tajikistan;Tajikistan;39;71
TZ;Tanzania;Tanzania;-6;35
TH;Thailand;Thái Lan;15;100
TG;Togo;Togo;8;1.17
TK;Tokelau;Tokelau;-9;-172
TO;Tonga;Tonga;-20;-175
TT;Trinidad and Tobago;Trinidad and Tobago;11;-61
TN;Tunisia;Tunisia;34;9
TR;Turkey;Thổ Nhĩ Kỳ;39;35
TM;Turkmenistan;Turkmenistan;40;60
TC;Turks and Caicos Islands;Quần đảo Turks và Caicos;21.75;-71.58
TV;Tuvalu;Tuvalu;-8;178
UG;Uganda;Uganda;1;32
UK;UK;Anh;54;-2
UA;Ukraine;Ukraine;49;32
AE;United Arab Emirates;Các Tiểu Vương Quốc Ả Rập;24;54
UM;United States Minor Outlying Islands;Các tiểu đảo xa của Hoa Kỳ;19.28;166.6
UY;Uruguay;Uruguay;-33;-56
US;USA;Mỹ;38;-97
UZ;Uzbekistan;Uzbekistan;41;64
VU;Vanuatu;Vanuatu;-16;167
VE;Venezuela;Venezuela;8;-66
VN;Vietnam;Việt Nam;16;106
VI;Virgin Islands, U.S.;Quần đải Virgin, Mỹ;18.33;-64.83
WF;Wallis and Futuna;Wallis and Futuna;-13.3;-176.2
EH;Western Sahara;Tây Sahara;24.5;-13
YE;Yemen;Yemen;15;48
ZM;Zambia;Zambia;-15;30
ZW;Zimbabwe;Zimbabwe;-20;30
ZZ;Unknown;Không biết;0;0