city;identifier;name;name_vi;lat;lon
an-giang;district-an-giang-chau-thanh;Chau Thanh;Châu Thành;0;0
an-giang;district-an-giang-cho-moi;Cho Moi;Chợ Mới;0;0
an-giang;district-an-giang-phu-tan;Phu Tan;Phú Tân;0;0
an-giang;district-an-giang-tan-chau;Tan Chau;Tân Châu;0;0
an-giang;district-an-phu;An Phu;An Phú;0;0
an-giang;district-chau-doc;Chau Doc;Châu Đốc;0;0
an-giang;district-chau-phu;Chau Phu;Châu Phú;0;0
an-giang;district-long-xuyen;Long Xuyen;Long Xuyên;0;0
an-giang;district-sadec;Sadec;Sadec;0;0
an-giang;district-thoai-son;Thoai Son;Thoại Sơn;0;0
an-giang;district-tinh-bien;Tinh Bien;Tịnh Biên;0;0
an-giang;district-tri-ton;Tri Ton;Tri Tôn;0;0
bac-giang;district-bac-giang;Bac Giang;Bắc Giang;0;0
bac-giang;district-hiep-hoa;Hiep Hoa;Hiệp Hòa;0;0
bac-giang;district-lang-giang;Lang Giang;Lạng Giang;0;0
bac-giang;district-luc-nam;Luc Nam;Lục Nam;0;0
bac-giang;district-luc-ngan;Luc Ngan;Lục Ngạn;0;0
bac-giang;district-son-dong;Son Dong;Sơn Động;0;0
bac-giang;district-tan-yen;Tan Yen;Tân Yên;0;0
bac-giang;district-viet-yen;Viet Yen;Việt Yên;0;0
bac-giang;district-yen-dung;Yen Dung;Yên Dũng;0;0
bac-giang;district-yen-the;Yen The;Yên Thế;0;0
bac-kan;district-ba-be;Ba Be;Ba Bể;0;0
bac-kan;district-bach-thong;Bach Thong;Bạch Thông;0;0
bac-kan;district-bac-kan;Bac Kan;Bắc Kạn;0;0
bac-kan;district-bac-kan-cho-moi;Cho Moi;Chợ Mới;0;0
bac-kan;district-cho-don;Cho Don;Chợ Đồn;0;0
bac-kan;district-na-ri;Na Ri;Na Ri;0;0
bac-kan;district-ngan-son;Ngan Son;Ngân Sơn;0;0
bac-kan;district-pac-nam;Pac Nam;Pắc Nặm;0;0
bac-lieu;district-bac-lieu;Bac Lieu;Bạc Liêu;0;0
bac-lieu;district-bac-lieu-hoa-binh;Hoa Binh;Hòa Bình;0;0
bac-lieu;district-bac-lieu-phuoc-long;Phuoc Long;Phước Long;0;0
bac-lieu;district-dong-hai;Dong Hai;Đông Hải;0;0
bac-lieu;district-gia-rai;Gia Rai;Giá Rai;0;0
bac-lieu;district-hong-dan;Hong Dan;Hồng Dân;0;0
bac-lieu;district-vinh-loi;Vinh Loi;Vĩnh Lợi;0;0
bac-ninh;district-bac-ninh;Bac Ninh;Bắc Ninh;0;0
bac-ninh;district-gia-binh;Gia Binh;Gia Bình;0;0
bac-ninh;district-luong-tai;Luong Tai;Lương Tài;0;0
bac-ninh;district-que-vo;Que Vo;Quế Võ;0;0
bac-ninh;district-thuan-thanh;Thuan Thanh;Thuận Thành;0;0
bac-ninh;district-tien-du;Tien Du;Tiên Du;0;0
bac-ninh;district-tu-son;Tu Son;Từ Sơn;0;0
bac-ninh;district-yen-phong;Yen Phong;Yên Phong;0;0
ba-ria-vung-tau;district-ba-ria;Ba Ria;Bà Rịa;0;0
ba-ria-vung-tau;district-ba-ria-vung-tau-tan-thanh;Tan Thanh;Tân Thành;0;0
ba-ria-vung-tau;district-chau-duc;Chau Duc;Châu Đức;0;0
ba-ria-vung-tau;district-con-dao;Con Dao;Côn Đảo;0;0
ba-ria-vung-tau;district-dat-do;Dat Do;Đất Đỏ;0;0
ba-ria-vung-tau;district-long-dien;Long Dien;Long Điền;0;0
ba-ria-vung-tau;district-rach-dua;Rach Dua;Rạch Dừa;0;0
ba-ria-vung-tau;district-vung-tau;Vung Tau;Vũng Tàu;0;0
ba-ria-vung-tau;district-xuyen-loc;Xuyen Loc;Xuyên Mộc;0;0
ben-tre;district-ba-tri;Ba Tri;Ba Tri;0;0
ben-tre;district-ben-tre;Ben Tre;Bến Tre;0;0
ben-tre;district-ben-tre-chau-thanh;Chau Thanh;Châu Thành;0;0
ben-tre;district-binh-dai;Binh Dai;Bình Đại;0;0
ben-tre;district-cho-lach;Cho Lach;Chợ Lách;0;0
ben-tre;district-giong-trom;Giong Trom;Giông Trôm;0;0
ben-tre;district-mo-cay-bac;Mo Cay Bac;Mỏ Cày Bắc;0;0
ben-tre;district-mo-cay-nam;Mo Cay Nam;Mỏ Cày Nam;0;0
ben-tre;district-thanh-phu;Thanh Phu;Thạnh Phú;0;0
binh-dinh;district-an-nhon;An Nhon;An Nhơn;0;0
binh-dinh;district-binh-dinh-an-lao;An Lao;An Lão;0;0
binh-dinh;district-binh-dinh-vinh-thanh;Vinh Thanh;Vĩnh Thạnh;0;0
binh-dinh;district-hoai-an;Hoai An;Hoài Ân;0;0
binh-dinh;district-hoai-nhon;Hoai Nhon;Hoài Nhơn;0;0
binh-dinh;district-phu-cat;Phu Cat;Phù Cát;0;0
binh-dinh;district-phu-my;Phu My;Phù Mỹ;0;0
binh-dinh;district-quy-nhon;Quy Nhon;Quy Nhơn;0;0
binh-dinh;district-tay-son;Tay Son;Tây Sơn;0;0
binh-dinh;district-tuy-phuoc;Tuy Phuoc;Tuy Phước;0;0
binh-dinh;district-van-canh;Van Canh;Vân Canh;0;0
binh-duong;district-bau-bang;Bau Bang;Bàu Bàng;0;0
binh-duong;district-ben-cat;Ben Cat;Bến Cát;0;0
binh-duong;district-binh-duong-tan-uyen;Tan Uyen;Tân Uyên;0;0
binh-duong;district-dau-tieng;Dau Tieng;Dầu Tiếng;0;0
binh-duong;district-di-an;Di An;Dĩ An;0;0
binh-duong;district-phu-giao;Phu Giao;Phú Giáo;0;0
binh-duong;district-thuan-an;Thuan An;Thuận An;0;0
binh-duong;district-thu-dau-mot;Thu Dau Mot;Thủ Dầu Một;0;0
binh-phuoc;district-binh-long;Binh Long;Bình Long;0;0
binh-phuoc;district-binh-phuoc-phuoc-long;Phuoc Long;Phước Long;0;0
binh-phuoc;district-bu-dang;Bu Dang;Bù Đăng;0;0
binh-phuoc;district-bu-dop;Bu Dop;Bù Đốp;0;0
binh-phuoc;district-bu-gia-map;Bu Gia Map;Bù Gia Mập;0;0
binh-phuoc;district-chon-thanh;Chon Thanh;Chơn Thành;0;0
binh-phuoc;district-dong-phu;Dong Phu;Đồng Phú;0;0
binh-phuoc;district-dong-xoai;Dong Xoai;Đồng Xoài;0;0
binh-phuoc;district-hon-quan;Hon Quan;Hớn Quản;0;0
binh-phuoc;district-loc-ninh;Loc Ninh;Lộc Ninh;0;0
binh-thuan;district-bac-binh;Bac Binh;Bắc Bình;0;0
binh-thuan;district-dao-phu-quy;Dao Phu Quy;Đảo Phú Quý;0;0
binh-thuan;district-duc-linh;Duc Linh;Đức Linh;0;0
binh-thuan;district-ham-tan;Ham Tan;Hàm Tân;0;0
binh-thuan;district-ham-thuan-bac;Ham Thuan Bac;Hàm Thuận Bắc;0;0
binh-thuan;district-ham-thuan-nam;Ham Thuan Nam;Hàm Thuận Nam;0;0
binh-thuan;district-la-gi;La Gi;La Gi;0;0
binh-thuan;district-phan-thiet;Phan Thiet;Phan Thiết;0;0
binh-thuan;district-tan-linh;Tan Linh;Tán Linh;0;0
binh-thuan;district-tuy-phong;Tuy Phong;Tuy Phong;0;0
ca-mau;district-cai-nuoc;Cai Nuoc;Cái Nước;0;0
ca-mau;district-ca-mau;Ca Mau;Cà Mau;0;0
ca-mau;district-ca-mau-phu-tan;Phu Tan;Phú Tân;0;0
ca-mau;district-dam-doi;Dam Doi;Đầm Dơi;0;0
ca-mau;district-nam-can;Nam Can;Năm Căn;0;0
ca-mau;district-ngoc-hien;Ngoc Hien;Ngọc Hiển;0;0
ca-mau;district-thoi-binh;Thoi Binh;Thới Bình;0;0
ca-mau;district-tran-van-thoi;Tran Van Thoi;Trần Văn Thời;0;0
ca-mau;district-u-minh;U Minh;U Minh;0;0
can-tho;district-binh-thuy;Binh Thuy;Bình Thủy;0;0
can-tho;district-cai-rang;Cai Rang;Cái Răng;0;0
can-tho;district-can-tho-phong-dien;Phong Dien;Phong Điền;0;0
can-tho;district-can-tho-vinh-thanh;Vinh Thanh;Vĩnh Thạnh;0;0
can-tho;district-co-do;Co Do;Cờ Đỏ;0;0
can-tho;district-ninh-kieu;Ninh Kieu;Ninh Kiều;0;0
can-tho;district-o-mon;O Mon;Ô Môn;0;0
can-tho;district-thoi-lai;Thoi Lai;Thới Lai;0;0
can-tho;district-thot-not;Thot Not;Thốt Nốt;0;0
cao-bang;district-bao-lac;Bao Lac;Bảo Lạc;0;0
cao-bang;district-cao-bang;Cao Bang;Cao Bằng;0;0
cao-bang;district-cao-bang-bao-lam;Bao Lam;Bảo Lâm;0;0
cao-bang;district-ha-lang;Ha Lang;Hạ Lang;0;0
cao-bang;district-ha-quang;Ha Quang;Hà Quảng;0;0
cao-bang;district-hoa-an;Hoa An;Hòa An;0;0
cao-bang;district-nguyen-binh;Nguyen Binh;Nguyên Bình;0;0
cao-bang;district-phuc-hoa;Phuc Hoa;Phục Hòa;0;0
cao-bang;district-quang-uyen;Quang Uyen;Quảng Uyên;0;0
cao-bang;district-thach-an;Thach An;Thạch An;0;0
cao-bang;district-thong-nong;Thong Nong;Thông Nông;0;0
cao-bang;district-tra-linh;Tra Linh;Trà Lĩnh;0;0
cao-bang;district-trung-khanh;Trung Khanh;Trùng Khánh;0;0
dak-lak;district-buon-don;Buon Don;Buôn Đôn;0;0
dak-lak;district-buon-ho;Buon Ho;Buôn Hồ;0;0
dak-lak;district-buon-ma-thuot;Buon Ma Thuot;Buôn Ma Thuột;0;0
dak-lak;district-cu-kuin;Cu Kuin;Cư Kuin;0;0
dak-lak;district-cu-m'gar;Cu M'gar;Cư M'gar;0;0
dak-lak;district-ea-h'leo;Ea H'leo;Ea H'leo;0;0
dak-lak;district-ea-kar;Ea Kar;Ea Kar;0;0
dak-lak;district-ea-sup;Ea Sup;Ea Súp;0;0
dak-lak;district-krong-ana;Krong Ana;Krông Ana;0;0
dak-lak;district-krong-bong;Krong Bong;Krông Bông;0;0
dak-lak;district-krong-buk;Krong Buk;Krông Buk;0;0
dak-lak;district-krong-nang;Krong Nang;Krông Năng;0;0
dak-lak;district-krong-pak;Krong Pak;Krông Pak;0;0
dak-lak;district-lak;Lak;Lắk;0;0
dak-lak;district-m'drak;M'Drak;M'Drăk;0;0
dak-nong;district-cu-jut;Cu Jut;Cư Jút;0;0
dak-nong;district-dak-glongt;Dak Glong;Dăk Glong;0;0
dak-nong;district-dak-milt;Dak Mil;Dăk Mil;0;0
dak-nong;district-dak-r'lapt;Dak R'Lap;Dăk R'Lấp;0;0
dak-nong;district-dak-songt;Dak Song;Dăk Song;0;0
dak-nong;district-gia-nghiat;Gia Nghia;Gia Nghĩa;0;0
dak-nong;district-krong-not;Krong No;Krông Nô;0;0
dak-nong;district-tuy-duct;Tuy Duc;Tuy Đức;0;0
da-nang;district-cam-le;Cam Le;Cẩm Lệ;0;0
da-nang;district-hai-chau;Hai Chau;Hải Châu;0;0
da-nang;district-hoang-sa;Hoang Sa;Hoàng Sa;0;0
da-nang;district-hoa-vang;Hoa Vang;Hòa Vang;0;0
da-nang;district-lien-chieu;Lien Chieu;Liên Chiếu;0;0
da-nang;district-ngu-son;Ngu Hanh Son;Ngũ Hành Sơn;0;0
da-nang;district-son-tra;Son Tra;Sơn Trà;0;0
da-nang;district-thanh-khe;Thanh Khe;Thanh Khê;0;0
dien-bien;district-dien-bien;Dien Bien;Điện Biên;0;0
dien-bien;district-dien-bien-dong;Dien Bien Dong;Điện Biên Đông;0;0
dien-bien;district-dien-phu;Dien Bien Phu;Điện Biên Phủ;0;0
dien-bien;district-muong-an;Muong An;Mường Án;0;0
dien-bien;district-muong-cha;Muong Cha;Mường Chà;0;0
dien-bien;district-muong-lay;Muong Lay;Mường Lay;0;0
dien-bien;district-muong-nhe;Muong Nhe;Mường Nhé;0;0
dien-bien;district-nam-po;Nam Po;Nậm Pồ;0;0
dien-bien;district-tua-chua;Tua Chua;Tủa Chùa;0;0
dien-bien;district-tuan-giao;Tuan Giao;Tuần Giáo;0;0
dong-nai;district-bien-hoa;Bien Hoa;Biên Hòa;0;0
dong-nai;district-cam-my;Cam My;Cẫm Mỹ;0;0
dong-nai;district-dinh-quan;Dinh Quan;Định Quán;0;0
dong-nai;district-dong-nai-tan-phu;Tan Phu;Tân Phú;0;0
dong-nai;district-long-khanh;Long Khanh;Long Khánh;0;0
dong-nai;district-long-thanh;Long Thanh;Long Thành;0;0
dong-nai;district-nhon-trach;Nhon Trach;Nhơn Trạch;0;0
dong-nai;district-thong-nhat;Thong Nhat;Thống Nhất;0;0
dong-nai;district-trang-bom;Trang Bom;Trảng Bom;0;0
dong-nai;district-vinh-cuu;Vinh Cuu;Vĩnh Cữu;0;0
dong-nai;district-xuan-loc;Xuan Loc;Xuân Lộc;0;0
dong-thap;district-cao-lanh;Cao Lanh;Cao Lãnh;0;0
dong-thap;district-dong-thap-chau-thanh;Chau Thanh;Châu Thành;0;0
dong-thap;district-dong-thap-tam-nong;Tam Nong;Tam Nông;0;0
dong-thap;district-hong-ngu;Hong Ngu;Hồng Ngự;0;0
dong-thap;district-lai-vung;Lai Vung;Lai Vung;0;0
dong-thap;district-lap-vo;Lap Vo;Lấp Vò;0;0
dong-thap;district-sa-dec;Sa Dec;Sa Đéc;0;0
dong-thap;district-tan-hong;Tan Hong;Tân Hồng;0;0
dong-thap;district-thanh-binh;Thanh Binh;Thanh Bình;0;0
dong-thap;district-thap-muoi;Thap Muoi;Tháp Mười;0;0
gia-lai;district-an-khe;An Khe;An Khê;0;0
gia-lai;district-ayun-pa;Ayun Pa;AYun Pa;0;0
gia-lai;district-chu-pah;Chu Pah;Chư Păh;0;0
gia-lai;district-chuprong;ChuProng;ChưPRông;0;0
gia-lai;district-chu-puh;Chu Puh;Chư Pưh;0;0
gia-lai;district-chu-se;Chu Se;Chư Sê;0;0
gia-lai;district-dak-doa;Dak Doa;Đăk Đoa;0;0
gia-lai;district-dak-po;Dak Po;Đăk Pơ;0;0
gia-lai;district-duc-co;Duc Co;Đức Cơ;0;0
gia-lai;district-ia-grai;Ia Grai;Ia Grai;0;0
gia-lai;district-ia-pa;Ia Pa;Ia Pa;0;0
gia-lai;district-kbang;Kbang;KBang;0;0
gia-lai;district-kong-chro;Kong Chro;Kông Chro;0;0
gia-lai;district-krong-pa;Krong Pa;Krông Pa;0;0
gia-lai;district-mang-yang;Mang Yang;Mang Yang;0;0
gia-lai;district-phu-thien;Phu Thien;Phú Thiện;0;0
gia-lai;district-plei-ku;Plei Ku;Plei Ku;0;0
ha-giang;district-bac-me;Bac Me;Bắc Mê;0;0
ha-giang;district-bac-quang;Bac Quang;Bắc Quang;0;0
ha-giang;district-dong-van;Dong Van;Đồng Văn;0;0
ha-giang;district-ha-giang;Ha Giang;Hà Giang;0;0
ha-giang;district-hoang-su-phi;Hoang Su Phi;Hoàng Su Phì;0;0
ha-giang;district-meo-vac;Meo Vac;Mèo Vạc;0;0
ha-giang;district-quan-ba;Quan Ba;Quản Bạ;0;0
ha-giang;district-quang-binh;Quang Binh;Quang Bình;0;0
ha-giang;district-vi-xuyen;Vi Xuyen;Vị Xuyên;0;0
ha-giang;district-xin-man;Xin Man;Xín Mần;0;0
ha-giang;district-yen-minh;Yen Minh;Yên Minh;0;0
hai-duong;district-binh-giang;Binh Giang;Bình Giang;0;0
hai-duong;district-cam-giang;Cam Giang;Cẩm Giàng;0;0
hai-duong;district-chi-linh;Chi Linh;Chí Linh;0;0
hai-duong;district-gia-loc;Gia Loc;Gia Lộc;0;0
hai-duong;district-hai-duong;Hai Duong;Hải Dương;0;0
hai-duong;district-kim-thanh;Kim Thanh;Kim Thành;0;0
hai-duong;district-kinh-mon;Kinh Mon;Kinh Môn;0;0
hai-duong;district-nam-sach;Nam Sach;Nam Sách;0;0
hai-duong;district-ninh-giang;Ninh Giang;Ninh Giang;0;0
hai-duong;district-thanh-ha;Thanh Ha;Thanh Hà;0;0
hai-duong;district-thanh-mien;Thanh Mien;Thanh Miện;0;0
hai-duong;district-tu-ky;Tu Ky;Tứ Kỳ;0;0
hai-phong;district-an-duong;An Duong;An Dương ;0;0
hai-phong;district-bach-long-vi;Bach Long Vi;Bạch Long Vĩ;0;0
hai-phong;district-cat-hai;Cat Hai;Cát Hải;0;0
hai-phong;district-do-son;Do Son;Đồ Sơn;0;0
hai-phong;district-duong-kinh;Duong Kinh;Dương Kinh;0;0
hai-phong;district-hai-an;Hai An;Hải An;0;0
hai-phong;district-hai-phong-an-lao;An Lao;An Lão;0;0
hai-phong;district-hong-bang;Hong Bang;Hồng Bàng;0;0
hai-phong;district-kien-an;Kien An;Kiến An;0;0
hai-phong;district-kien-thuy;Kien Thuy;Kiến Thụy;0;0
hai-phong;district-le-chan;Le Chan;Lê Chân;0;0
hai-phong;district-ngo-quyen;Ngo Quyen;Ngô Quyền;0;0
hai-phong;district-thuy-nguyen;Thuy Nguyen;Thủy Nguyên;0;0
hai-phong;district-tien-lang;Tien Lang;Tiên Lãng;0;0
hai-phong;district-vinh-bao;Vinh Bao;Vĩnh Bảo;0;0
ha-nam;district-binh-luc;Binh Luc;Bình Lục;0;0
ha-nam;district-duy-tien;Duy Tien;Duy Tiên;0;0
ha-nam;district-kim-bang;Kim Bang;Kim Bảng;0;0
ha-nam;district-ly-nhan;Ly Nhan;Lý Nhân;0;0
ha-nam;district-phu-ly;Phu Ly;Phủ Lý;0;0
ha-nam;district-thanh-liem;Thanh Liem;Thanh Liêm;0;0
ha-noi;distrct-dan-phuong;Dan Phuong;Đan Phượng;0;0
ha-noi;district-bac-tu-liem;Bac Ta Liem;Bắc Từ Liêm;0;0
ha-noi;district-ba-dinh;Ba Dinh;Ba Đình;0;0
ha-noi;district-ba-vi;Ba Vi;Ba Vì;0;0
ha-noi;district-cau-giay;Cau Giay;Cầu Giấy;0;0
ha-noi;district-chuong-my;Chuong My;Chương Mỹ;0;0
ha-noi;district-dong-anh;Dong Anh;Đông Anh;0;0
ha-noi;district-dong-da;Dong Da;Đống Đa;0;0
ha-noi;district-gia-lam;Gia Lam;Gia Lâm;0;0
ha-noi;district-ha-dong;Ha Dong;Hà Đông;0;0
ha-noi;district-hai-ba-trung;Hai Ba Trung;Hai Bà Trưng;0;0
ha-noi;district-ha-noi-hoang-mai;Hoang Mai;Hoàng Mai;0;0
ha-noi;district-ha-noi-son-tay;Son Tay;Sơn Tây;0;0
ha-noi;district-ha-noi-thanh-tri;Thanh Tri;Thanh Trì;0;0
ha-noi;district-hoai-duc;Hoai Duc;Hoài Đức;0;0
ha-noi;district-hoan-kiem;Hoan Kiem;Hoàn Kiếm;0;0
ha-noi;district-long-bien;Long Bien;Long Biên;0;0
ha-noi;district-me-linh;Me Linh;Mê Linh;0;0
ha-noi;district-my-duc;My Duc;Mỹ Đức;0;0
ha-noi;district-nam-tu-liem;Nam Ta Liem;Nam Từ Liêm;0;0
ha-noi;district-phuc-tho;Phuc Tho;Phúc Thọ;0;0
ha-noi;district-phu-xuyen;Phu Xuyen;Phú Xuyên;0;0
ha-noi;district-quoc-oai;Quoc Oai;Quốc Oai;0;0
ha-noi;district-soc-son;Soc Son;Sóc Sơn;0;0
ha-noi;district-tay-ho;Tay Ho;Tây Hồ;0;0
ha-noi;district-thanh-oai;Thanh Oai;Thanh Oai;0;0
ha-noi;district-thanh-xuan;Thanh Xuan;Thanh Xuân;0;0
ha-noi;district-that-that;That That;Thạch Thất;0;0
ha-noi;district-thuong-tin;Thuong Tin;Thường Tín;0;0
ha-noi;district-ung-hoa;Ung Hoa;Ứng Hòa;0;0
ha-tinh;district-cam-xuyen;Cam Xuyen;Cẩm Xuyên;0;0
ha-tinh;district-can-loc;Can Loc;Can Lộc;0;0
ha-tinh;district-duc-tho;Duc Tho;Đức Thọ;0;0
ha-tinh;district-hong-linh;Hong Linh;Hồng Lĩnh;0;0
ha-tinh;district-huong-khe;Huong Khe;Hương Khê;0;0
ha-tinh;district-huong-son;Huong Son;Hương Sơn;0;0
ha-tinh;district-ky-anh;Ky Anh;Kỳ Anh;0;0
ha-tinh;district-loc-ha;Loc Ha;Lộc Hà;0;0
ha-tinh;district-nghi-xuan;Nghi Xuan;Nghi Xuân;0;0
ha-tinh;district-thach-ha;Thach Ha;Thạch Hà;0;0
ha-tinh;district-vu-quang;Vu Quang;Vũ Quang;0;0
hau-giang;district-chau-thanh-a;Chau Thanh A;Châu Thành A;0;0
hau-giang;district-hau-giang-chau-thanh;Chau Thanh;Châu Thành;0;0
hau-giang;district-long-my;Long My;Long Mỹ;0;0
hau-giang;district-nga-bay;Nga Bay;Ngã Bảy;0;0
hau-giang;district-phung-hiep;Phung Hiep;Phụng Hiệp;0;0
hau-giang;district-vi-thanh;Vi Thanh;Vị Thanh;0;0
hau-giang;district-vi-thuy;Vi Thuy;Vị Thủy;0;0
hoa-binh;district-cao-phong;Cao Phong;Cao Phong;0;0
hoa-binh;district-da-bac;Da Bac;Đà Bắc;0;0
hoa-binh;district-hoa-binh;Hoa Binh;Hòa Bình;0;0
hoa-binh;district-hoa-binh-ky-son;Ky Son;Kỳ Sơn;0;0
hoa-binh;district-kim-boi;Kim Boi;Kim Bôi;0;0
hoa-binh;district-lac-son;Lac Son;Lạc Sơn;0;0
hoa-binh;district-lac-thuy;Lac Thuy;Lạc Thủy;0;0
hoa-binh;district-luong-son;Luong Son;Lương Sơn;0;0
hoa-binh;district-mai-chau;Mai Chau;Mai Châu;0;0
hoa-binh;district-tan-lac;Tan Lac;Tân Lạc;0;0
hoa-binh;district-yen-thuy;Yen Thuy;Yên Thủy;0;0
ho-chi-minh;district-01;District 1;Quận 1;10.7755011;106.6973598
ho-chi-minh;district-02;District 2;Quận 2;10.7800414;106.7588496
ho-chi-minh;district-03;District 3;Quận 3;10.7789482;106.6810698
ho-chi-minh;district-04;District 4;Quận 4;10.7607714;106.7038791
ho-chi-minh;district-05;District 5;Quận 5;10.7558288;106.6687554
ho-chi-minh;district-06;District 6;Quận 6;10.7460321;106.637925
ho-chi-minh;district-07;District 7;Quận 7;10.7380083;106.7268844
ho-chi-minh;district-08;District 8;Quận 8;10.7223754;106.6455204
ho-chi-minh;district-09;District 9;Quận 9;10.8304498;106.8190124
ho-chi-minh;district-10;District 10;Quận 10;10.7727983;106.6691382
ho-chi-minh;district-11;District 11;Quận 11;10.7659159;106.6477935
ho-chi-minh;district-12;District 12;Quận 12;10.8613713;106.6607639
ho-chi-minh;district-binh-chanh;Binh Chanh;Huyện Bình Chánh;10.7494366;106.5790866
ho-chi-minh;district-binh-thanh;Binh Thanh;Quận Bình Thạnh;10.8125496;106.7170828
ho-chi-minh;district-can-gio;Can Gio;Huyện Cần Giờ;10.524677;106.8812241
ho-chi-minh;district-cu-chi;Cu Chi;Huyện Củ Chi;11.0375375;106.5065876
ho-chi-minh;district-go-vap;Go Vap;Quận Gò Vấp;10.8354081;106.6662506
ho-chi-minh;district-ho-chi-minh-binh-tan;Binh Tan;Quận Bình Tân;10.7705618;106.5916481
ho-chi-minh;district-ho-chi-minh-tan-phu;Tan Phu;Quận Tân Phú;10.7914704;106.6272015
ho-chi-minh;district-hoc-mon;Hoc Mon;Huyện Hóc Môn;10.8776596;106.5938592
ho-chi-minh;district-nha-be;Nha Be;Huyện Nhà Bè;10.6513252;106.7273283
ho-chi-minh;district-phu-nhuan;Phu Nhuan;Quận Phú Nhuận;10.8010027;106.6801709
ho-chi-minh;district-tan-binh;Tan Binh;Quận Tân Bình;10.802852;106.6533375
ho-chi-minh;district-thu-duc;Thu Duc;Quận Thủ Đức;10.8550362;106.7528689
hung-yen;district-an-thi;An Thi;Ân Thi;0;0
hung-yen;district-hung-yen;Hung Yen;Hưng Yên;0;0
hung-yen;district-khoai-chau;Khoai Chau;Khoái Châu;0;0
hung-yen;district-kim-dong;Kim Dong;Kim Động;0;0
hung-yen;district-my-hao;My Hao;Mỹ Hào;0;0
hung-yen;district-phu-cu;Phu Cu;Phù Cừ;0;0
hung-yen;district-tien-lu;Tien Lu;Tiên Lữ;0;0
hung-yen;district-van-giang;Van Giang;Văn Giang;0;0
hung-yen;district-van-lam;Van Lam;Văn Lâm;0;0
hung-yen;district-yen-my;Yen My;Yên Mỹ;0;0
khanh-hoa;district-cam-lam;Cam Lam;Cam Lâm;0;0
khanh-hoa;district-cam-ranh;Cam Ranh;Cam Ranh;0;0
khanh-hoa;district-dien-khanh;Dien Khanh;Diên Khánh;0;0
khanh-hoa;district-khanh-son;Khanh Son;Khánh Sơn;0;0
khanh-hoa;district-khanh-vinh;Khanh Vinh;Khánh Vĩnh;0;0
khanh-hoa;district-nha-trang;Nha Trang;Nha Trang;0;0
khanh-hoa;district-ninh-hoa;Ninh Hoa;Ninh Hòa;0;0
khanh-hoa;district-truong-sa;Truong Sa;Trường Sa;0;0
khanh-hoa;district-van-ninh;Van Ninh;Vạn Ninh;0;0
kien-giang;district-an-bien;An Bien;An Biên;0;0
kien-giang;district-an-minh;An Minh;An Minh;0;0
kien-giang;district-giang-thanh;Giang Thanh;Giang Thành;0;0
kien-giang;district-giong-rieng;Giong Rieng;Giồng Riềng;0;0
kien-giang;district-go-quao;Go Quao;Gò Quao;0;0
kien-giang;district-ha-tien;Ha Tien;Hà Tiên;0;0
kien-giang;district-hon-dat;Hon Dat;Hòn Đất;0;0
kien-giang;district-kien-giang-chau-thanh;Chau Thanh;Châu Thành;0;0
kien-giang;district-kien-hai;Kien Hai;Kiên Hải;0;0
kien-giang;district-kien-luong;Kien Luong;Kiên Lương;0;0
kien-giang;district-phu-quoc;Phu Quoc;Phú Quốc;0;0
kien-giang;district-rach-gia;Rach Gia;Rạch Giá;0;0
kien-giang;district-tan-hiep;Tan Hiep;Tân Hiệp;0;0
kien-giang;district-u-thuong;U Minh Thuong;U Minh Thượng;0;0
kien-giang;district-vinh-thuan;Vinh Thuan;Vĩnh Thuận;0;0
kon-tum;district-dak-glei;Dak Glei;Đăk Glei;0;0
kon-tum;district-dak-ha;Dak Ha;Đăk Hà;0;0
kon-tum;district-dak-to;Dak To;Đăk Tô;0;0
kon-tum;district-kon-plong;Kon Plong;Kon Plông;0;0
kon-tum;district-kon-ray;Kon Ray;Kon Rẫy;0;0
kon-tum;district-kontum;KonTum;KonTum;0;0
kon-tum;district-ngoc-hoi;Ngoc Hoi;Ngọc Hồi;0;0
kon-tum;district-sa-thay;Sa Thay;Sa Thầy;0;0
kon-tum;district-tu-rong;Tu Mo Rong;Tu Mơ Rông;0;0
lai-chau;district-lai-chau;Lai Chau;Lai Châu;0;0
lai-chau;district-lai-chau-tam-duong;Tam Duong;Tam Đường;0;0
lai-chau;district-lai-chau-tan-uyen;Tan Uyen;Tân Uyên;0;0
lai-chau;district-muong-te;Muong Te;Mường Tè;0;0
lai-chau;district-nam-nhun;Nam Nhun;Nậm Nhùn;0;0
lai-chau;district-phong-tho;Phong Tho;Phong Thố;0;0
lai-chau;district-sin-ho;Sin Ho;Sìn Hồ;0;0
lai-chau;district-than-uyen;Than Uyen;Than Uyên;0;0
lam-dong;district-da-te;Da Te;Đạ Tẻh;0;0
lam-dong;district-bao-lam;Bao Lam;Bảo Lâm;0;0
lam-dong;district-bao-loc;Bao Loc;Bảo Lộc;0;0
lam-dong;district-cat-tien;Cat Tien;Cát Tiên;0;0
lam-dong;district-da-huoai;Da Huoai;Đạ Huoai;0;0
lam-dong;district-da-lat;Da Lat;Đà Lạt;0;0
lam-dong;district-dam-rong;Dam Rong;Đam Rông;0;0
lam-dong;district-da-teh;Da Teh;Đạ Tẻh;0;0
lam-dong;district-di-linh;Di Linh;Di Linh;0;0
lam-dong;district-don-duong;Don Duong;Đơn Dương;0;0
lam-dong;district-duc-trong;Duc Trong;Đức Trọng;0;0
lam-dong;district-lac-duong;Lac Duong;Lạc Dương;0;0
lam-dong;district-lam-ha;Lam Ha;Lâm Hà;0;0
lang-son;district-bac-son;Bac Son;Bắc Sơn;0;0
lang-son;district-binh-gia;Binh Gia;Bình Gia;0;0
lang-son;district-cao-loc;Cao Loc;Cao Lộc;0;0
lang-son;district-chi-lang;Chi Lang;Chi Lăng;0;0
lang-son;district-dinh-lap;Dinh Lap;Đình Lập;0;0
lang-son;district-huu-lung;Huu Lung;Hữu Lũng;0;0
lang-son;district-lang-son;Lang Son;Lạng Sơn;0;0
lang-son;district-loc-binh;Loc Binh;Lộc Bình;0;0
lang-son;district-trang-dinh;Trang Dinh;Tràng Định;0;0
lang-son;district-van-lang;Van Lang;Văn Lãng;0;0
lang-son;district-van-quan;Van Quan;Văn Quan;0;0
lao-cai;district-bac-ha;Bac Ha;Bắc Hà;0;0
lao-cai;district-bao-thang;Bao Thang;Bảo Thắng;0;0
lao-cai;district-bao-yen;Bao Yen;Bảo Yên;0;0
lao-cai;district-bat-xat;Bat Xat;Bát Xát;0;0
lao-cai;district-lao-cai;Lao Cai;Lào Cai;0;0
lao-cai;district-muong-khuong;Muong Khuong;Mường Khương;0;0
lao-cai;district-sa-pa;Sa Pa;Sa Pa;0;0
lao-cai;district-van-ban;Van Ban;Văn Bàn;0;0
lao-cai;district-xi-ma-cai;Xi Ma Cai;Xi Ma Cai;0;0
long-an;district-ben-luc;Ben Luc;Bến Lức;0;0
long-an;district-can-duoc;Can Duoc;Cần Đước;0;0
long-an;district-can-giuoc;Can Giuoc;Cần Giuộc;0;0
long-an;district-duc-hoa;Duc Hoa;Đức Hòa;0;0
long-an;district-duc-hue;Duc Hue;Đức Huệ;0;0
long-an;district-kien-tuong;Kien Tuong;Kiến Tường;0;0
long-an;district-long-an-chau-thanh;Chau Thanh;Châu Thành;0;0
long-an;district-long-an-thanh-hoa;Thanh Hoa;Thạnh Hóa;0;0
long-an;district-moc-hoa;Moc Hoa;Mộc Hóa;0;0
long-an;district-tan-an;Tan An;Tân An;0;0
long-an;district-tan-hung;Tan Hung;Tân Hưng;0;0
long-an;district-tan-thanh;Tan Thanh;Tân Thạnh;0;0
long-an;district-tan-tru;Tan Tru;Tân Trụ;0;0
long-an;district-thu-thua;Thu Thua;Thủ Thừa;0;0
long-an;district-vinh-hung;Vinh Hung;Vĩnh Hưng;0;0
nam-dinh;district-giao-thuy;Giao Thuy;Giao Thủy;0;0
nam-dinh;district-hai-hau;Hai Hau;Hải Hậu;0;0
nam-dinh;district-my-loc;My Loc;Mỹ Lộc;0;0
nam-dinh;district-nam-dinh;Nam Dinh;Nam Định;0;0
nam-dinh;district-nam-truc;Nam Truc;Nam Trực;0;0
nam-dinh;district-nghia-hung;Nghia Hung;Nghĩa Hưng;0;0
nam-dinh;district-trua-ninh;Trua Ninh;Trực Ninh;0;0
nam-dinh;district-vu-ban;Vu Ban;Vụ Bản;0;0
nam-dinh;district-xuan-truong;Xuan Truong;Xuân Trường;0;0
nam-dinh;district-y-yen;Y Yen;Ý Yên;0;0
nghe-an;district-anh-son;Anh Son;Anh Sơn;0;0
nghe-an;district-con-cuong;Con Cuong;Con Cuông;0;0
nghe-an;district-cua-lo;Cua Lo;Cửa Lò;0;0
nghe-an;district-dien-chau;Dien Chau;Diễn Châu;0;0
nghe-an;district-do-luong;Do Luong;Đô Lương;0;0
nghe-an;district-hung-nguyen;Hung Nguyen;Hưng Nguyên;0;0
nghe-an;district-nam-dan;Nam Dan;Nam Đàn;0;0
nghe-an;district-nghe-an-hoang-mai;Hoang Mai;Hoàng Mai;0;0
nghe-an;district-nghe-an-ky-son;Ky Son;Kỳ Sơn;0;0
nghe-an;district-nghia-dan;Nghia Dan;Nghĩa Đàn;0;0
nghe-an;district-nghi-loc;Nghi Loc;Nghi Lộc;0;0
nghe-an;district-que-phong;Que Phong;Quế Phong;0;0
nghe-an;district-quy-chau;Quy Chau;Quỳ Châu;0;0
nghe-an;district-quy-hop;Quy Hop;Quỳ Hợp;0;0
nghe-an;district-quynh-luu;Quynh Luu;Quỳnh Lưu;0;0
nghe-an;district-tan-ky;Tan Ky;Tân Kỳ;0;0
nghe-an;district-thai-hoa;Thai Hoa;Thái Hòa;0;0
nghe-an;district-thanh-chuong;Thanh Chuong;Thanh Chương;0;0
nghe-an;district-tuong-duong;Tuong Duong;Tương Dương;0;0
nghe-an;district-vinh;Vinh;Vinh;0;0
nghe-an;district-yen-thanh;Yen Thanh;Yên Thành;0;0
ninh-binh;district-gia-vien;Gia Vien;Gia Viễn;0;0
ninh-binh;district-hoa-lu;Hoa Lu;Hoa Lư;0;0
ninh-binh;district-kim-son;Kim Son;Kim Sơn;0;0
ninh-binh;district-nho-quan;Nho Quan;Nho Quan;0;0
ninh-binh;district-ninh-binh;Ninh Binh;Ninh Bình;0;0
ninh-binh;district-tam-diep;Tam Diep;Tam Điệp;0;0
ninh-binh;district-yen-khanh;Yen Khanh;Yên Khánh;0;0
ninh-binh;district-yen-mo;Yen Mo;Yên Mô;0;0
ninh-thuan;district-bac-ai;Bac Ai;Bác Ái;0;0
ninh-thuan;district-ninh-hai;Ninh Hai;Ninh Hải;0;0
ninh-thuan;district-ninh-phuoc;Ninh Phuoc;Ninh Phước;0;0
ninh-thuan;district-ninh-son;Ninh Son;Ninh Sơn;0;0
ninh-thuan;district-phan-rang;Phan Rang;Phan Rang- Tháp Chàm;0;0
ninh-thuan;district-thuan-bac;Thuan Bac;Thuận Bắc;0;0
ninh-thuan;district-thuan-nam;Thuan Nam;Thuận Nam;0;0
phu-tho;district-cam-khe;Cam Khe;Cẩm Khê;0;0
phu-tho;district-doan-hung;Doan Hung;Đoan Hùng;0;0
phu-tho;district-ha-hoa;Ha Hoa;Hạ Hòa;0;0
phu-tho;district-lam-thao;Lam Thao;Lâm Thao;0;0
phu-tho;district-phu-tho;Phu Tho;Phú Thọ;0;0
phu-tho;district-phu-tho-phu-ninh;Phu Ninh;Phù Ninh;0;0
phu-tho;district-phu-tho-tam-nong;Tam Nong;Tam Nông;0;0
phu-tho;district-tan-son;Tan Son;Tân Sơn;0;0
phu-tho;district-thanh-ba;Thanh Ba;Thanh Ba;0;0
phu-tho;district-thanh-son;Thanh Son;Thanh Sơn;0;0
phu-tho;district-thanh-thuy;Thanh Thuy;Thanh Thủy;0;0
phu-tho;district-viet-tri;Viet Tri;Việt Trì;0;0
phu-tho;district-yen-lap;Yen Lap;Yên Lập;0;0
phu-yen;district-dong-hoa;Dong Hoa;Đông Hòa;0;0
phu-yen;district-dong-xuan;Dong Xuan;Đông Xuân;0;0
phu-yen;district-phu-hoa;Phu Hoa;Phú Hòa;0;0
phu-yen;district-song-cau;Song Cau;Sông Cầu;0;0
phu-yen;district-song-hinh;Song Hinh;Sông Hinh;0;0
phu-yen;district-son-hoa;Son Hoa;Sơn Hòa;0;0
phu-yen;district-tay-hoa;Tay Hoa;Tây Hòa;0;0
phu-yen;district-tuy-an;Tuy An;Tuy An;0;0
phu-yen;district-tuy-hoa;Tuy Hoa;Tuy Hòa;0;0
quang-binh;district-ba-don;Ba Don;Ba Đồn;0;0
quang-binh;district-bo-trach;Bo Trach;Bố Trạch;0;0
quang-binh;district-dong-thoi;Dong Thoi;Đồng Thới;0;0
quang-binh;district-le-thuy;Le Thuy;Lệ Thủy;0;0
quang-binh;district-minh-hoa;Minh Hoa;Minh Hóa;0;0
quang-binh;district-quang-ninh;Quang Ninh;Quang Ninh;0;0
quang-binh;district-quang-trach;Quang Trach;Quảng Trạch;0;0
quang-binh;district-tuyen-hoa;Tuyen Hoa;Tuyên Hóa;0;0
quang-nam;district-bac-tra-my;Bac Tra My;Bắc Trà My;0;0
quang-nam;district-dai-loc;Dai Loc;Đại Lộc;0;0
quang-nam;district-dien-ban;Dien Ban;Điện Bàn;0;0
quang-nam;district-dong-giang;Dong Giang;Đông Giang;0;0
quang-nam;district-duy-xuyen;Duy Xuyen;Duy Xuyên;0;0
quang-nam;district-hiep-duc;Hiep Duc;Hiệp Đức;0;0
quang-nam;district-hoi-an;Hoi An ;Hội An;0;0
quang-nam;district-nam-giang;Nam Giang;Nam Giang;0;0
quang-nam;district-nam-tra-my;Nam Tra My;Nam Trà My;0;0
quang-nam;district-nong-son;Nong Son;Nông Sơn;0;0
quang-nam;district-nui-thanh;Nui Thanh;Núi Thánh;0;0
quang-nam;district-phuoc-son;Phuoc Son;Phước Sơn;0;0
quang-nam;district-quang-nam-phu-ninh;Phu Ninh;Phú Ninh;0;0
quang-nam;district-que-son;Que Son;Quế Sơn;0;0
quang-nam;district-tam-ky;Tam Ky;Tam Kỳ;0;0
quang-nam;district-tay-giang;Tay Giang;Tây Giang;0;0
quang-nam;district-thang-binh;Thang Binh;Thăng Bình;0;0
quang-nam;district-tien-phuoc;Tien Phuoc;Tiên Phước;0;0
quang-ngai;district-ba-to;Ba To;Ba Tơ;0;0
quang-ngai;district-binh-son;Binh Son;Bình Sơn;0;0
quang-ngai;district-duc-pho;Duc Pho;Đức Phố;0;0
quang-ngai;district-ly-son;Ly Son;Lý Sơn;0;0
quang-ngai;district-minh-long;Minh Long;Minh Long;0;0
quang-ngai;district-mo-duc;Mo Duc;Mộ Đức;0;0
quang-ngai;district-nghia-hanh;Nghia Hanh;Nghĩa Hành;0;0
quang-ngai;district-quang-ngai-son-tay;Son Tay;Sơn Tây;0;0
quang-ngai;district-son-ha;Son Ha;Sơn Hà;0;0
quang-ngai;district-son-tinh;Son Tinh;Sơn Tịnh;0;0
quang-ngai;district-tay-tra;Tay Tra;Tây Trà;0;0
quang-ngai;district-tra-bong;Tra Bong;Trà Bồng;0;0
quang-ngai;district-tu-nghia;Tu Nghia;Tự Nghĩa;0;0
quang-ninh;district-ba-che;Ba Che;Ba Chế;0;0
quang-ninh;district-binh-lieu;Binh Lieu;Bình Liêu;0;0
quang-ninh;district-cam-pha;Cam Pha;Cẩm Phả;0;0
quang-ninh;district-co-to;Co To;Cô Tô;0;0
quang-ninh;district-dam-ha;Dam Ha;Đấm Hà;0;0
quang-ninh;district-dong-trieu;Dong Trieu;Đông Triều;0;0
quang-ninh;district-hai-ha;Hai Ha;Hải Hà;0;0
quang-ninh;district-ha-long;Ha Long;Hạ Long;0;0
quang-ninh;district-hoanh-bo;Hoanh Bo;Hoành Bồ;0;0
quang-ninh;district-mong-cai;Mong Cai ;Móng Cái;0;0
quang-ninh;district-quang-yen;Quang Yen;Quảng Yên;0;0
quang-ninh;district-tien-yen;Tien Yen;Tiên Yên;0;0
quang-ninh;district-uong-bi;Uong Bi;Uông Bí;0;0
quang-ninh;district-van-don;Van Don;Vân Đồn;0;0
quang-tri;district-cam-lo;Cam Lo;Cam Lộ;0;0
quang-tri;district-dak-rong;Dak Rong;Đăk Rông;0;0
quang-tri;district-dao-con-co;Dao Con Co;Đảo Cồn Cỏ;0;0
quang-tri;district-dong-ha;Dong Ha;Đông Hà;0;0
quang-tri;district-gio-linh;Gio Linh;Gio Linh;0;0
quang-tri;district-hai-lang;Hai Lang;Hải Lăng;0;0
quang-tri;district-huong-hoa;Huong Hoa;Hướng Hóa;0;0
quang-tri;district-quang-tri;Quang Tri;Quảng Trị;0;0
quang-tri;district-trieu-phong;Trieu Phong;Triệu Phong;0;0
quang-tri;district-vinh-linh;Vinh Linh;Vĩnh Linh;0;0
soc-trang;district-cu-lao-dung;Cu Lao Dung;Cù Lao Dung;0;0
soc-trang;district-ke-sach;Ke Sach;Kế Sách;0;0
soc-trang;district-long-phu;Long Phu;Long Phú;0;0
soc-trang;district-my-tu;My Tu;Mỹ Tú;0;0
soc-trang;district-my-xuyen;My Xuyen;Mỹ Xuyên;0;0
soc-trang;district-nga-nam;Nga Nam;Ngã Năm;0;0
soc-trang;district-soc-trang;Soc Trang;Sóc Trăng;0;0
soc-trang;district-soc-trang-chau-thanh;Chau Thanh;Châu Thành;0;0
soc-trang;district-soc-trang-thanh-tri;Thanh Tri;Thạnh Trị;0;0
soc-trang;district-tran-de;Tran De;Trần Đề;0;0
soc-trang;district-vinh-chau;Vinh Chau;Vĩnh Châu;0;0
son-la;district-bac-yen;Bac Yen;Bắc Yên;0;0
son-la;district-mai-son;Mai Son;Mai Sơn;0;0
son-la;district-moc-chau;Moc Chau;Mộc Châu;0;0
son-la;district-muong-la;Muong La;Mường Là;0;0
son-la;district-phu-yen;Phu Yen;Phù Yên;0;0
son-la;district-quynh-nhai;Quynh Nhai;Quỳnh Nhai;0;0
son-la;district-song-ma;Song Ma;Sông Mã;0;0
son-la;district-son-la;Son La;Sơn La;0;0
son-la;district-sop-cop;Sop Cop;Sốp Cộp;0;0
son-la;district-thuan-chau;Thuan Chau;Thuận Châu;0;0
son-la;district-van-ho;Van Ho;Vân Hồ;0;0
son-la;district-yen-chau;Yen Chau;Yên Châu;0;0
tay-ninh;district-ban-cau;Ben Cau;Bến Cầu;0;0
tay-ninh;district-duong-minh-chau;Duong Minh Chau;Dương Minh Châu;0;0
tay-ninh;district-go-dau;Go Dau;Gò Dầu;0;0
tay-ninh;district-hoa-thanh;Hoa Thanh;Hòa Thành;0;0
tay-ninh;district-tan-bien;Tan Bien;Tân Biên;0;0
tay-ninh;district-tay-ninh;Tay Ninh;Tây Ninh;0;0
tay-ninh;district-tay-ninh-chau-thanh;Chau Thanh;Châu Thành;0;0
tay-ninh;district-tay-ninh-tan-chau;Tan Chau;Tân Châu;0;0
tay-ninh;district-trang-bang;Trang Bang;Trảng Bàng;0;0
thai-binh;district-dong-hung;Dong Hung;Đông Hưng;0;0
thai-binh;district-hung-ha;Hung Ha;Hưng Hà;0;0
thai-binh;district-kien-xuong;Kien Xuong;Kiến Xương;0;0
thai-binh;district-quynh-phu;Quynh Phu;Quỳnh Phụ;0;0
thai-binh;district-thai-binh;Thai Binh;Thái Bính;0;0
thai-binh;district-thai-thuy;Thai Thuy;Thái Thụy;0;0
thai-binh;district-tien-hai;Tien Hai;Tiên Hải;0;0
thai-binh;district-vu-thu;Vu Thu;Vũ Thư;0;0
thai-nguyen;district-dai-tu;Dai Tu;Đại Từ;0;0
thai-nguyen;district-dinh-hoa;Dinh Hoa;Định Hóa;0;0
thai-nguyen;district-dong-hy;Dong Hy;Đồng Hỷ;0;0
thai-nguyen;district-pho-yen;Pho Yen;Phố Yên;0;0
thai-nguyen;district-phu-binh;Phu Binh;Phú Bình;0;0
thai-nguyen;district-phu-luong;Phu Luong;Phú Lương;0;0
thai-nguyen;district-song-cong;Song Cong;Sông Công;0;0
thai-nguyen;district-thai-nguyen;Thai Nguyen;Thái Nguyên;0;0
thai-nguyen;district-vo-nhai;Vo Nhai;Võ Nhai;0;0
thanh-hoa;district-ba-thuoc;Ba Thuoc;Bá Thước;0;0
thanh-hoa;district-bim-son;Bim Son;Bỉm Sơn;0;0
thanh-hoa;district-cam-thuy;Cam Thuy;Cẩm Thủy;0;0
thanh-hoa;district-dong-son;Dong Son;Đông Sơn;0;0
thanh-hoa;district-ha-trung;Ha Trung;Hà Trung;0;0
thanh-hoa;district-hau-loc;Hau Loc;Hậu Lộc;0;0
thanh-hoa;district-hoang-hoa;Hoang Hoa;Hoằng Hóa;0;0
thanh-hoa;district-lang-chanh;Lang Chanh;Lang Chánh;0;0
thanh-hoa;district-muong-lat;Muong Lat;Mường Lát;0;0
thanh-hoa;district-nga-son;Nga Son;Nga Sơn;0;0
thanh-hoa;district-nhoc-lac;Nhoc Lac;Ngọc Lặc;0;0
thanh-hoa;district-nhu-thanh;Nhu Thanh;Như Thanh;0;0
thanh-hoa;district-nhu-xuan;Nhu Xuan;Như Xuân;0;0
thanh-hoa;district-nong-cong;Nong Cong;Nông Cống;0;0
thanh-hoa;district-quang-xuong;Quang Xuong;Quảng Xương;0;0
thanh-hoa;district-quan-hoa;Quan Hoa;Quan Hóa;0;0
thanh-hoa;district-quan-son;Quan Son;Quan Sơn;0;0
thanh-hoa;district-sam-son;Sam Son;Sầm Sơn;0;0
thanh-hoa;district-thach-thanh;Thach Thanh;Thạch Thành;0;0
thanh-hoa;district-thanh-hoa;Thanh Hoa;Thanh Hóa;0;0
thanh-hoa;district-thieu-hoa;Thieu Hoa;Thiệu Hóa;0;0
thanh-hoa;district-tho-xuan;Tho Xuan;Thọ Xuân;0;0
thanh-hoa;district-thuong-xuan;Thuong Xuan;Thường Xuân;0;0
thanh-hoa;district-tinh-gia;Tinh Gia;Tĩnh Gia;0;0
thanh-hoa;district-trieu-son;Trieu Son;Triệu Sơn;0;0
thanh-hoa;district-vinh-loc;Vinh Loc;Vĩnh Lôc;0;0
thanh-hoa;district-yen-dinh;Yen Dinh;Yên Định;0;0
thua-thien-hue;district-a-luoi;A Luoi;A Lưới;0;0
thua-thien-hue;district-hue;Hue;Huế;0;0
thua-thien-hue;district-huong-thuy;Huong Thuy;Hương Thủy;0;0
thua-thien-hue;district-huong-tra;Huong Tra;Hương Trà;0;0
thua-thien-hue;district-nam-dong;Nam Dong;Nam Đông;0;0
thua-thien-hue;district-phu-loc;Phu Loc;Phú Lộc;0;0
thua-thien-hue;district-phu-vang;Phu Vang;Phú Vang;0;0
thua-thien-hue;district-quang-dien;Quang Dien;Quảng Điền;0;0
thua-thien-hue;district-thua-thien-hue-phong-dien;Phong Dien;Phong Điền;0;0
tien-giang;district-cai-be;Cai Be;Cái Bè;0;0
tien-giang;district-cai-lay;Cai Lay;Cai Lậy;0;0
tien-giang;district-cho-gao;Cho Gao;Chợ Gạo;0;0
tien-giang;district-go-cong;Go Cong;Gò Công;0;0
tien-giang;district-go-cong-dong;Go Cong Dong;Gò Công Đông;0;0
tien-giang;district-go-cong-tay;Go Cong Tay;Gò Công Tây;0;0
tien-giang;district-my-tho;My Tho;Mỹ Tho;0;0
tien-giang;district-tan-phu-dong;Tan Phu Dong;Tân Phú Đông;0;0
tien-giang;district-tan-phuoc;Tan Phuoc;Tân Phước;0;0
tien-giang;district-tien-giang-chau-thanh;Chau Thanh;Châu Thành;0;0
tra-vinh;district-cang-long;Cang Long;Càng Long;0;0
tra-vinh;district-cau-ke;Cau Ke;Cầu Kè;0;0
tra-vinh;district-cau-ngang;Cau Ngang;Cầu Ngang;0;0
tra-vinh;district-duyen-hai;Duyen Hai;Duyên Hải;0;0
tra-vinh;district-tieu-can;Tieu Can;Tiểu Cần;0;0
tra-vinh;district-tra-cu;Tra Cu;Trà Cú;0;0
tra-vinh;district-tra-vinh;Tra Vinh;Trà Vinh;0;0
tra-vinh;district-tra-vinh-chau-thanh;Chau Thanh;Châu Thành;0;0
tuyen-quang;district-chien-hoa;Chien Hoa;Chiêm Hóa;0;0
tuyen-quang;district-ham-yen;Ham Yen;Hàm Yên;0;0
tuyen-quang;district-lam-binh;Lam Binh;Lâm Bình;0;0
tuyen-quang;district-na-hang;Na Hang;Na Hang;0;0
tuyen-quang;district-son-duong;Son Duong;Sơn Dương;0;0
tuyen-quang;district-tuyen-quang;Tuyen Quang;Tuyên Quang;0;0
tuyen-quang;district-yen-son;Yen Son;Yên Sơn;0;0
vinh-long;district-binh-minh;Binh Minh;Bình Minh;0;0
vinh-long;district-long-ho;Long Ho;Long Hồ;0;0
vinh-long;district-mang-thit;Mang Thit;Mang Thít;0;0
vinh-long;district-tam-binh;Tam Binh;Tam Bình;0;0
vinh-long;district-tra-on;Tra On;Trà Ôn;0;0
vinh-long;district-vinh-long-binh-tan;Binh Tan;Bình Tân;0;0
vinh-long;district-vung-liem;Vung Liem;Vũng Liêm;0;0
vinh-phuc;district-binh-xuyen;Binh Xuyen;Bình Xuyên;0;0
vinh-phuc;district-lap-thach;Lap Thach;Lập Thạch;0;0
vinh-phuc;district-phuc-yen;Phuc Yen;Phúc Yên;0;0
vinh-phuc;district-song-lo;Song Lo;Sông Lô;0;0
vinh-phuc;district-tam-dao;Tam Dao;Tam Đảo;0;0
vinh-phuc;district-vinh-phuc-tam-duong;Tam Duong;Tam Dương;0;0
vinh-phuc;district-vinh-tuong;Vinh Tuong;Vĩnh Tường;0;0
vinh-phuc;district-vinh-yen;Vinh Yen;Vĩnh Yên;0;0
vinh-phuc;district-yen-lac;Yen Lac;Yên Lạc;0;0
yen-bai;district-luc-yen;Luc Yen;Lục Yên;0;0
yen-bai;district-mu-cang-chai;Mu Cang Chai;Mù Cang Chải;0;0
yen-bai;district-nghia-lo;Nghia Lo;Nghĩa Lộ;0;0
yen-bai;district-tram-tau;Tram Tau;Trạm Tấu;0;0
yen-bai;district-tran-yen;Tran Yen;Trấn Yên;0;0
yen-bai;district-van-chan;Van Chan;Văn Chấn;0;0
yen-bai;district-van-yen;Van Yen;Văn Yên;0;0
yen-bai;district-yen-bai;Yen Bai;Yên Bái;0;0
yen-bai;district-yen-binh;Yen Binh;Yên Bình;0;0
